{
    "timestamp": "20260102_220927",
    "num_samples": 1183,
    "position": {
        "mean_cm": 8.116591453552246,
        "median_cm": 6.406758785247803,
        "std_cm": 10.767949104309082,
        "min_cm": 0.6878284811973572,
        "max_cm": 171.1333770751953,
        "percentile_95_cm": 16.21149444580078,
        "x_mean_cm": 5.454718589782715,
        "x_median_cm": 3.931546211242676,
        "y_mean_cm": 4.627172470092773,
        "y_median_cm": 3.5211710929870605,
        "z_mean_cm": 1.449751853942871,
        "z_median_cm": 1.3383924961090088
    },
    "yaw": {
        "mean_deg": 2.94309139251709,
        "median_deg": 2.106771945953369,
        "std_deg": 4.3681745529174805,
        "min_deg": 0.001328699174337089,
        "max_deg": 88.15454864501953,
        "percentile_95_deg": 7.483245849609375
    }
}