{
    "timestamp": "20260102_213622",
    "num_samples": 1183,
    "position": {
        "mean_cm": 9.817911148071289,
        "median_cm": 8.823328971862793,
        "std_cm": 8.914802551269531,
        "min_cm": 1.9057892560958862,
        "max_cm": 171.90170288085938,
        "percentile_95_cm": 15.984628677368164,
        "x_mean_cm": 5.163050651550293,
        "x_median_cm": 4.4090986251831055,
        "y_mean_cm": 5.8575873374938965,
        "y_median_cm": 4.655982494354248,
        "z_mean_cm": 3.812169313430786,
        "z_median_cm": 3.891538143157959
    },
    "yaw": {
        "mean_deg": 2.531991481781006,
        "median_deg": 1.8577741384506226,
        "std_deg": 2.748070478439331,
        "min_deg": 0.0033504352904856205,
        "max_deg": 39.893680572509766,
        "percentile_95_deg": 6.853247165679932
    }
}