{
    "timestamp": "20260103_160856",
    "num_samples": 1183,
    "position": {
        "mean_cm": 8.335789680480957,
        "median_cm": 6.267320156097412,
        "std_cm": 14.335015296936035,
        "min_cm": 0.481680691242218,
        "max_cm": 216.8651885986328,
        "percentile_95_cm": 15.367775917053223,
        "x_mean_cm": 6.106050491333008,
        "x_median_cm": 4.236507415771484,
        "y_mean_cm": 4.150702476501465,
        "y_median_cm": 2.7287542819976807,
        "z_mean_cm": 0.8744192719459534,
        "z_median_cm": 0.7342740893363953
    },
    "yaw": {
        "mean_deg": 5.078363418579102,
        "median_deg": 4.055178642272949,
        "std_deg": 5.014554977416992,
        "min_deg": 0.0031045484356582165,
        "max_deg": 65.84819793701172,
        "percentile_95_deg": 11.600909233093262
    }
}