{
    "timestamp": "20260102_220604",
    "num_samples": 1183,
    "position": {
        "mean_cm": 8.754349708557129,
        "median_cm": 6.267150402069092,
        "std_cm": 16.63254165649414,
        "min_cm": 0.186873197555542,
        "max_cm": 273.2204284667969,
        "percentile_95_cm": 16.213361740112305,
        "x_mean_cm": 5.810827732086182,
        "x_median_cm": 3.7451624870300293,
        "y_mean_cm": 5.053433895111084,
        "y_median_cm": 3.411233425140381,
        "z_mean_cm": 1.0008240938186646,
        "z_median_cm": 0.778236985206604
    },
    "yaw": {
        "mean_deg": 3.4746296405792236,
        "median_deg": 2.5534253120422363,
        "std_deg": 4.654158592224121,
        "min_deg": 0.0005873962654732168,
        "max_deg": 83.46361541748047,
        "percentile_95_deg": 8.600849151611328
    }
}