{
    "timestamp": "20260102_225555",
    "num_samples": 1183,
    "position": {
        "mean_cm": 15.11270523071289,
        "median_cm": 11.801032066345215,
        "std_cm": 21.5696964263916,
        "min_cm": 1.0708589553833008,
        "max_cm": 347.9571228027344,
        "percentile_95_cm": 26.454383850097656,
        "x_mean_cm": 11.495123863220215,
        "x_median_cm": 8.643627166748047,
        "y_mean_cm": 6.099039554595947,
        "y_median_cm": 3.7409543991088867,
        "z_mean_cm": 3.749924898147583,
        "z_median_cm": 3.774338960647583
    },
    "yaw": {
        "mean_deg": 4.107863426208496,
        "median_deg": 2.89202880859375,
        "std_deg": 6.94779634475708,
        "min_deg": 0.002718415344133973,
        "max_deg": 125.95710754394531,
        "percentile_95_deg": 9.933905601501465
    }
}