{
    "timestamp": "20260103_124141",
    "num_samples": 1183,
    "position": {
        "mean_cm": 7.4971604347229,
        "median_cm": 5.6239728927612305,
        "std_cm": 13.296455383300781,
        "min_cm": 0.4629410207271576,
        "max_cm": 228.0303497314453,
        "percentile_95_cm": 15.69737720489502,
        "x_mean_cm": 6.17322301864624,
        "x_median_cm": 4.375624656677246,
        "y_mean_cm": 3.0611915588378906,
        "y_median_cm": 2.1087169647216797,
        "z_mean_cm": 0.8007833957672119,
        "z_median_cm": 0.670158863067627
    },
    "yaw": {
        "mean_deg": 1.8918578624725342,
        "median_deg": 1.304060697555542,
        "std_deg": 4.370842933654785,
        "min_deg": 0.0007103396928869188,
        "max_deg": 90.78816986083984,
        "percentile_95_deg": 4.095383167266846
    }
}