{
    "timestamp": "20260102_222403",
    "num_samples": 1183,
    "position": {
        "mean_cm": 8.144362449645996,
        "median_cm": 6.386102676391602,
        "std_cm": 9.500218391418457,
        "min_cm": 0.530109703540802,
        "max_cm": 155.73568725585938,
        "percentile_95_cm": 16.91281509399414,
        "x_mean_cm": 5.317849159240723,
        "x_median_cm": 3.598630428314209,
        "y_mean_cm": 5.088595390319824,
        "y_median_cm": 3.947338581085205,
        "z_mean_cm": 0.7495416402816772,
        "z_median_cm": 0.5880922079086304
    },
    "yaw": {
        "mean_deg": 2.404949903488159,
        "median_deg": 1.8905553817749023,
        "std_deg": 2.719391345977783,
        "min_deg": 0.004139094613492489,
        "max_deg": 40.94700241088867,
        "percentile_95_deg": 5.637392997741699
    }
}