{
    "timestamp": "20260102_231200",
    "num_samples": 1183,
    "position": {
        "mean_cm": 7.700749397277832,
        "median_cm": 5.35106086730957,
        "std_cm": 17.036657333374023,
        "min_cm": 0.324311226606369,
        "max_cm": 252.78599548339844,
        "percentile_95_cm": 14.132074356079102,
        "x_mean_cm": 5.791958332061768,
        "x_median_cm": 4.026937484741211,
        "y_mean_cm": 3.6466479301452637,
        "y_median_cm": 2.1452784538269043,
        "z_mean_cm": 0.9290227890014648,
        "z_median_cm": 0.7328450679779053
    },
    "yaw": {
        "mean_deg": 3.081451416015625,
        "median_deg": 2.1475889682769775,
        "std_deg": 8.075035095214844,
        "min_deg": 0.0042347172275185585,
        "max_deg": 167.46522521972656,
        "percentile_95_deg": 5.826467514038086
    }
}