{
    "timestamp": "20260102_221405",
    "num_samples": 1183,
    "position": {
        "mean_cm": 8.224492073059082,
        "median_cm": 6.585997581481934,
        "std_cm": 10.079354286193848,
        "min_cm": 0.12144375592470169,
        "max_cm": 141.29641723632812,
        "percentile_95_cm": 16.783035278320312,
        "x_mean_cm": 5.405651092529297,
        "x_median_cm": 3.6455869674682617,
        "y_mean_cm": 4.916605472564697,
        "y_median_cm": 3.4634768962860107,
        "z_mean_cm": 0.8041825294494629,
        "z_median_cm": 0.6081774830818176
    },
    "yaw": {
        "mean_deg": 2.402832508087158,
        "median_deg": 1.8035900592803955,
        "std_deg": 3.782404899597168,
        "min_deg": 0.0020763776265084743,
        "max_deg": 72.6121826171875,
        "percentile_95_deg": 5.372586727142334
    }
}