{
    "timestamp": "20260102_222125",
    "num_samples": 1183,
    "position": {
        "mean_cm": 7.362241268157959,
        "median_cm": 5.885339736938477,
        "std_cm": 10.341229438781738,
        "min_cm": 0.22417104244232178,
        "max_cm": 197.04478454589844,
        "percentile_95_cm": 14.924555778503418,
        "x_mean_cm": 5.19221830368042,
        "x_median_cm": 3.9763450622558594,
        "y_mean_cm": 3.879793643951416,
        "y_median_cm": 2.3865044116973877,
        "z_mean_cm": 0.8462381362915039,
        "z_median_cm": 0.6618797779083252
    },
    "yaw": {
        "mean_deg": 2.3228402137756348,
        "median_deg": 1.7736263275146484,
        "std_deg": 2.791527032852173,
        "min_deg": 0.0006830189377069473,
        "max_deg": 38.6848030090332,
        "percentile_95_deg": 5.26107931137085
    }
}